,false_alarms_per_1000_normals,false_alarms_per_1000_normals,false_alarms_per_1000_normals,false_alarms_per_1000_normals,false_alarms_per_1000_normals,false_alarms_per_1000_normals,image_ap,image_ap,image_ap,image_ap,image_ap,image_ap,image_auroc,image_auroc,image_auroc,image_auroc,image_auroc,image_auroc,image_balanced_accuracy_conformal,image_balanced_accuracy_conformal,image_balanced_accuracy_conformal,image_balanced_accuracy_conformal,image_balanced_accuracy_conformal,image_balanced_accuracy_conformal,image_f1_conformal,image_f1_conformal,image_f1_conformal,image_f1_conformal,image_f1_conformal,image_f1_conformal,image_precision_conformal,image_precision_conformal,image_precision_conformal,image_precision_conformal,image_precision_conformal,image_precision_conformal,image_recall_conformal,image_recall_conformal,image_recall_conformal,image_recall_conformal,image_recall_conformal,image_recall_conformal,image_specificity_conformal,image_specificity_conformal,image_specificity_conformal,image_specificity_conformal,image_specificity_conformal,image_specificity_conformal,normal_fpr_conformal,normal_fpr_conformal,normal_fpr_conformal,normal_fpr_conformal,normal_fpr_conformal,normal_fpr_conformal,pixel_ap,pixel_ap,pixel_ap,pixel_ap,pixel_ap,pixel_ap,pixel_auroc,pixel_auroc,pixel_auroc,pixel_auroc,pixel_auroc,pixel_auroc
method,freqpatch_lite,frequency_only,padim_diag,padim_freq_gate,patchcore_lite,patchcore_wr50_compact,freqpatch_lite,frequency_only,padim_diag,padim_freq_gate,patchcore_lite,patchcore_wr50_compact,freqpatch_lite,frequency_only,padim_diag,padim_freq_gate,patchcore_lite,patchcore_wr50_compact,freqpatch_lite,frequency_only,padim_diag,padim_freq_gate,patchcore_lite,patchcore_wr50_compact,freqpatch_lite,frequency_only,padim_diag,padim_freq_gate,patchcore_lite,patchcore_wr50_compact,freqpatch_lite,frequency_only,padim_diag,padim_freq_gate,patchcore_lite,patchcore_wr50_compact,freqpatch_lite,frequency_only,padim_diag,padim_freq_gate,patchcore_lite,patchcore_wr50_compact,freqpatch_lite,frequency_only,padim_diag,padim_freq_gate,patchcore_lite,patchcore_wr50_compact,freqpatch_lite,frequency_only,padim_diag,padim_freq_gate,patchcore_lite,patchcore_wr50_compact,freqpatch_lite,frequency_only,padim_diag,padim_freq_gate,patchcore_lite,patchcore_wr50_compact,freqpatch_lite,frequency_only,padim_diag,padim_freq_gate,patchcore_lite,patchcore_wr50_compact
category,,,,,,,,,,,,,,,,,,,,,,,,,,,,,,,,,,,,,,,,,,,,,,,,,,,,,,,,,,,,,,,,,,
bottle,16.666666666666668,50.0,0.0,0.0,16.666666666666668,16.666666666666668,0.9991713157930747,0.9267281234099043,0.9990321710355557,0.9993486837236837,0.9991713157930747,0.9988012671229595,0.9973544973544973,0.8492063492063492,0.9968253968253968,0.9978835978835979,0.9973544973544973,0.9960317460317459,0.9731481481481481,0.5861111111111111,0.9735449735449735,0.9761904761904763,0.9678571428571429,0.959920634920635,0.9782682233591324,0.35257375022080906,0.9727194699299698,0.9755646128645316,0.9724344849050731,0.9641721898231058,0.9947089947089948,0.9267676767676768,1.0,1.0,0.9947089947089948,0.9947089947089948,0.9629629629629629,0.2222222222222222,0.947089947089947,0.9523809523809524,0.9523809523809522,0.9365079365079364,0.9833333333333334,0.9499999999999998,1.0,1.0,0.9833333333333334,0.9833333333333334,0.016666666666666666,0.05000000000000001,0.0,0.0,0.016666666666666666,0.016666666666666666,0.732124246178597,0.3871546227567267,0.4617262923606306,0.46838324548996746,0.7246256130323276,0.7522012535969692,0.983410280785264,0.9117475285350807,0.958528911074528,0.9592290001452114,0.9830131155988697,0.9834023737356441
cable,17.241379310344826,34.48275862068966,34.48275862068965,34.48275862068965,17.241379310344826,57.47126436781608,0.9618450066387245,0.7025799312637675,0.813439335686299,0.813781169724348,0.9618640271050363,0.9188088408497072,0.937656171914043,0.5766491754122939,0.7910419790104948,0.791416791604198,0.9377811094452774,0.8576961519240379,0.7667416291854073,0.5244252873563219,0.5697151424287856,0.5660919540229885,0.7794227886056971,0.7466266866566716,0.7003881176294969,0.1440511307767945,0.2814141414141414,0.27086419753086416,0.7227473480179244,0.6936612812474882,0.9809139784946237,0.9047619047619048,0.8558201058201057,0.8511904761904763,0.982175925925926,0.9385357265873168,0.5507246376811594,0.08333333333333333,0.17391304347826086,0.16666666666666666,0.5760869565217391,0.5507246376811594,0.9827586206896551,0.9655172413793104,0.9655172413793104,0.9655172413793104,0.9827586206896551,0.9425287356321839,0.017241379310344827,0.034482758620689655,0.034482758620689655,0.034482758620689655,0.017241379310344827,0.057471264367816084,0.6614016528844373,0.06452273926994816,0.3237729354327768,0.3239351517170435,0.6632329396156843,0.5331299332966087,0.974929211834576,0.6646979870401665,0.9451252463651435,0.9451249159630183,0.9749361641468116,0.9499868318455009
capsule,43.47826086956522,14.492753623188406,72.46376811594203,57.971014492753625,43.47826086956522,57.971014492753625,0.9328385789631373,0.8735958678916793,0.9342251056857135,0.9353124163201452,0.9335380161626925,0.8572289550102917,0.769844435580375,0.660018614545938,0.8194389044010105,0.820502592740327,0.7706422018348625,0.5903470283207021,0.5868235606967159,0.5034569871027789,0.5922084829145061,0.596396755750565,0.5883526126844835,0.5168860523866506,0.33990888072895414,0.041464430938115145,0.35029438001784124,0.35103675076111207,0.343119521710493,0.16286040536682844,0.9767441860465116,0.9333333333333332,0.9595588235294118,0.9656084656084656,0.9772727272727272,0.85,0.21712538226299696,0.02140672782874618,0.25688073394495414,0.2507645259938838,0.22018348623853212,0.09174311926605505,0.9565217391304347,0.9855072463768115,0.927536231884058,0.9420289855072465,0.9565217391304347,0.9420289855072465,0.043478260869565216,0.014492753623188406,0.07246376811594203,0.057971014492753624,0.043478260869565216,0.057971014492753624,0.3257435611890382,0.11056824328046372,0.17053324292649139,0.17319100829039857,0.32883992151389324,0.26761760610392876,0.9743697509108061,0.8662297766777307,0.9531664010941808,0.9532566832114545,0.974410580585578,0.9463369173735591
carpet,130.95238095238096,47.61904761904762,130.95238095238096,130.95238095238096,130.95238095238096,23.80952380952381,0.9723417083802026,0.7691990396823084,0.9755707375767054,0.9759756214762786,0.9721012614717986,0.993517596553878,0.9117174959871589,0.45425361155698235,0.9181380417335473,0.9192081326912788,0.9113162118780096,0.9764579989299089,0.8783440342429106,0.5248796147672552,0.8296548956661316,0.8296548956661316,0.8783440342429106,0.946896736222579,0.9202498059207761,0.1720071684587814,0.862092301618147,0.862092301618147,0.9202498059207761,0.9533017804823078,0.9562001306187353,0.894949494949495,0.9514859261694705,0.9514859261694705,0.9562001306187353,0.9921568627450981,0.8876404494382023,0.09737827715355805,0.7902621722846442,0.7902621722846442,0.8876404494382023,0.9176029962546816,0.8690476190476191,0.9523809523809524,0.8690476190476191,0.8690476190476191,0.8690476190476191,0.9761904761904763,0.13095238095238096,0.047619047619047616,0.13095238095238096,0.13095238095238096,0.13095238095238096,0.023809523809523808,0.6106531475561291,0.1498053353029558,0.36755334900770315,0.3706792756657828,0.604201066829155,0.47836332498321804,0.9817705542138458,0.7051878188790316,0.9791107492020594,0.97924158232875,0.9817283630425377,0.9829981563130844
grid,126.98412698412699,365.07936507936506,63.49206349206349,63.49206349206349,126.98412698412699,111.1111111111111,0.7694114756848996,0.6805867245680197,0.8630120135473088,0.8634381630962654,0.7701076605916107,0.8481329965297034,0.5600111389585074,0.3823447507658034,0.7137287663603452,0.7142857142857143,0.560289612921192,0.6248955722639933,0.5271512113617377,0.3964076858813701,0.6086048454469507,0.6086048454469507,0.5271512113617377,0.6315789473684211,0.2711592386731343,0.24330000868177296,0.43051051051051054,0.43051051051051054,0.2711592386731343,0.5275749815861482,0.8591269841269842,0.5361197110423116,0.9237472766884531,0.9237472766884531,0.8591269841269842,0.9015384615384615,0.1812865497076023,0.15789473684210525,0.2807017543859649,0.2807017543859649,0.1812865497076023,0.3742690058479532,0.873015873015873,0.6349206349206349,0.9365079365079364,0.9365079365079364,0.873015873015873,0.8888888888888888,0.12698412698412698,0.36507936507936506,0.06349206349206349,0.06349206349206349,0.12698412698412698,0.1111111111111111,0.05650824722209908,0.006486784939984064,0.07896207412826263,0.07899360031905843,0.05649577528181183,0.12597126885370794,0.8583072521363936,0.49199129729470004,0.8985961655007167,0.8985948073256091,0.8583068593496078,0.8938856564098977
hazelnut,16.666666666666668,58.333333333333336,91.66666666666667,91.66666666666667,16.666666666666668,0.0,0.9965623746653295,0.6824944661113381,0.7272056111442677,0.7230153586465663,0.9965623746653295,0.9997258625842663,0.994047619047619,0.6092857142857143,0.6141666666666666,0.6123809523809524,0.994047619047619,0.9995238095238094,0.9369047619047618,0.4994047619047619,0.5232142857142857,0.5232142857142857,0.9369047619047618,0.9857142857142858,0.9369922847695635,0.10020061239573434,0.22036265139713415,0.22036265139713415,0.9369922847695635,0.9852562394528821,0.989247311827957,0.43253968253968256,0.8067226890756304,0.8067226890756304,0.989247311827957,1.0,0.8904761904761904,0.05714285714285714,0.13809523809523808,0.13809523809523808,0.8904761904761904,0.9714285714285715,0.9833333333333334,0.9416666666666668,0.9083333333333333,0.9083333333333333,0.9833333333333334,1.0,0.016666666666666666,0.05833333333333333,0.09166666666666667,0.09166666666666667,0.016666666666666666,0.0,0.5085974989665699,0.26361049404392484,0.21635192212966756,0.2163304117862063,0.5054005419329152,0.4946087520601093,0.9787527539218618,0.9426243768697348,0.9370938780937778,0.9370934617432397,0.9787267107913736,0.9802263270040997
leather,41.666666666666664,937.5,31.25,41.666666666666664,31.25,10.416666666666666,0.9988398209533491,0.9016388237408243,0.9954154948033219,0.9956441007777338,0.9995243044550227,0.9999610409848838,0.9967164855072465,0.7236186594202899,0.986526268115942,0.9872056159420289,0.9986413043478262,0.9998867753623188,0.9755434782608695,0.4986413043478261,0.9354619565217391,0.9338768115942028,0.9771286231884058,0.9802989130434782,0.9891693937977247,0.8264636608843979,0.9431781701444623,0.9453817354357076,0.9872692364495643,0.9833833833833833,0.9856614246068455,0.7419184108327319,0.9882319977584757,0.9844940274960559,0.9890897632833117,0.996415770609319,0.9927536231884058,0.9347826086956522,0.9021739130434782,0.9094202898550724,0.9855072463768115,0.9710144927536232,0.9583333333333334,0.0625,0.96875,0.9583333333333334,0.96875,0.9895833333333334,0.041666666666666664,0.9375,0.03125,0.041666666666666664,0.03125,0.010416666666666666,0.45557845846239103,0.2136192081090064,0.17302348022392267,0.18366733046606032,0.4367389196730744,0.4005851456928673,0.9926096013980462,0.7562469531722545,0.9761810342346049,0.9769078822138354,0.9922408789681906,0.9926103504910714
metal_nut,0.0,106.06060606060606,60.6060606060606,75.75757575757575,0.0,15.15151515151515,0.9899617331376166,0.9025722260049163,0.9647469676247334,0.9625733074907171,0.9899617331376166,0.9925364093331016,0.9535679374389052,0.6383186705767351,0.8782991202346041,0.8734115347018573,0.9535679374389052,0.9666014988595634,0.8405017921146953,0.6458944281524927,0.6686217008797654,0.6610459433040078,0.8405017921146953,0.9261159986966438,0.8052121354841241,0.5584333653089972,0.5383157698868793,0.5368004877151339,0.8052121354841241,0.9272014199341286,1.0,0.9430930930930931,0.9707264957264957,0.9582178690874343,1.0,0.9959349593495935,0.6810035842293907,0.39784946236559143,0.3978494623655913,0.39784946236559143,0.6810035842293907,0.8673835125448028,1.0,0.8939393939393939,0.9393939393939394,0.9242424242424243,1.0,0.9848484848484849,0.0,0.10606060606060606,0.06060606060606061,0.07575757575757576,0.0,0.015151515151515152,0.7554865992577705,0.1775511643199236,0.4361374622175884,0.43590474905506144,0.7556050986445061,0.7116892589867668,0.9583873132454213,0.6078720300959138,0.8975487863275626,0.8975380623420369,0.9583955457157404,0.9466632621907404
pill,25.641025641025646,0.0,0.0,0.0,25.641025641025646,25.641025641025646,0.9742586901794758,0.8997653464726794,0.9630865997629243,0.9629264235004246,0.9746970111389341,0.972179459854846,0.8687034006182942,0.5995635570103656,0.831514820876523,0.8307874158937988,0.8704309874522641,0.8720676486633935,0.7117657755955628,0.566193853427896,0.6205673758865248,0.6217494089834515,0.7235861065648299,0.6940352791416622,0.6087191222202665,0.2336214090055345,0.38791354871473166,0.3907987543623683,0.6326497126353425,0.5751000065578071,0.9925093632958801,1.0,1.0,1.0,0.9924242424242425,0.9880813953488371,0.4491725768321513,0.13238770685579196,0.24113475177304966,0.2434988179669031,0.4728132387706856,0.4137115839243499,0.9743589743589745,1.0,1.0,1.0,0.9743589743589745,0.9743589743589745,0.025641025641025644,0.0,0.0,0.0,0.025641025641025644,0.025641025641025644,0.615069918987432,0.33574414271066494,0.2396069296842712,0.24067758023361244,0.6103606636003023,0.7751523305053157,0.9569582864947493,0.8535057226981979,0.9287290184290544,0.9287753843885377,0.9568877270598022,0.9720322530408508
screw,113.82113821138212,8.130081300813009,40.65040650406504,40.65040650406504,105.6910569105691,105.6910569105691,0.7300585919131636,0.8523029963324046,0.8023184215238022,0.8043737714333107,0.728980679654208,0.7660800421084071,0.4546696727471476,0.694199631071941,0.5611805697888913,0.5630935300949649,0.45364487258317965,0.5736148117783699,0.4795039967206394,0.5099405615904898,0.5328960852633736,0.5370977659356425,0.47936735669877706,0.5143813623010179,0.12674392790492775,0.05332024612625901,0.18996649873842855,0.20330758566052684,0.1133761066508397,0.22534165181224006,0.5660130718954248,0.9583333333333334,0.8880494505494506,0.8947021116138764,0.604093567251462,0.7801294214956455,0.07282913165266107,0.028011204481792715,0.10644257703081232,0.11484593837535013,0.06442577030812326,0.13445378151260504,0.8861788617886179,0.991869918699187,0.959349593495935,0.959349593495935,0.894308943089431,0.894308943089431,0.11382113821138212,0.008130081300813009,0.04065040650406504,0.04065040650406504,0.10569105691056911,0.10569105691056911,0.021700395411703568,0.037608504657992876,0.0215762101199322,0.022156806705870242,0.021697305194441175,0.03178396930269132,0.9194980782488633,0.8793944527793074,0.8841308823997096,0.8841483252482923,0.9194971263251551,0.9229230918640496
tile,30.3030303030303,90.90909090909092,0.0,0.0,30.3030303030303,0.0,0.9811208969070991,0.9259253274748214,0.9879899551899857,0.988042845653835,0.9808498551585467,0.9994296097320308,0.9474506974506974,0.8186628186628186,0.9713804713804715,0.9715007215007215,0.9468494468494469,0.9985569985569985,0.8578643578643579,0.7204184704184704,0.6825396825396824,0.6845238095238094,0.8538961038961039,0.9503968253968255,0.8476320344703056,0.6768302399700037,0.5339627025699244,0.5384672070744289,0.8419982316534041,0.9475205417234402,0.9861111111111112,0.9395827041175879,1.0,1.0,0.9861111111111112,1.0,0.746031746031746,0.5317460317460317,0.3650793650793651,0.36904761904761907,0.7380952380952381,0.9007936507936508,0.9696969696969697,0.9090909090909092,1.0,1.0,0.9696969696969697,1.0,0.030303030303030304,0.0909090909090909,0.0,0.0,0.030303030303030304,0.0,0.4365102001786008,0.35350476922154056,0.2724156688764676,0.2735203374176736,0.4364882271291375,0.5885076980435663,0.9222596416337713,0.8077751476616223,0.9026641881173064,0.9028424514635756,0.922249018212194,0.9528572239059662
toothbrush,0.0,0.0,0.0,0.0,0.0,0.0,0.9606547568252702,0.878346194125621,0.9078102024535757,0.9071157580091312,0.9606547568252702,0.9313236015645501,0.888888888888889,0.6638888888888889,0.7666666666666666,0.7657407407407407,0.888888888888889,0.8425925925925926,0.5,0.5,0.5,0.5,0.5,0.5,0.0,0.0,0.0,0.0,0.0,0.0,0.0,0.0,0.0,0.0,0.0,0.0,0.0,0.0,0.0,0.0,0.0,0.0,1.0,1.0,1.0,1.0,1.0,1.0,0.0,0.0,0.0,0.0,0.0,0.0,0.4605373499288268,0.11410011627795798,0.19427904746570568,0.1941263701707078,0.4830037016609206,0.5615456702822624,0.9802498794409121,0.8141529807652131,0.942292881818315,0.9423293429861271,0.9804872448687499,0.9816596689464854
transistor,22.222222222222225,0.0,5.555555555555556,5.555555555555556,22.222222222222225,44.44444444444445,0.8847107263495971,0.8075334801297974,0.9117717632676693,0.9129927671663047,0.8848392424143691,0.8847638136168404,0.8959722222222223,0.8083333333333335,0.9405555555555556,0.9409722222222222,0.8961111111111112,0.9290277777777778,0.7180555555555556,0.6416666666666666,0.6888888888888888,0.6888888888888888,0.7388888888888889,0.6861111111111112,0.597297505093607,0.4381551362683438,0.5370713942142513,0.5370713942142513,0.6416776460254722,0.5461669283097854,0.9307151979565772,1.0,0.9855072463768115,0.9855072463768115,0.9381226053639846,0.8911111111111111,0.4583333333333333,0.2833333333333334,0.3833333333333333,0.3833333333333333,0.5,0.4166666666666667,0.9777777777777777,1.0,0.9944444444444445,0.9944444444444445,0.9777777777777777,0.9555555555555556,0.022222222222222223,0.0,0.005555555555555556,0.005555555555555556,0.022222222222222223,0.044444444444444446,0.4954710314986004,0.22853979097617197,0.5556841280995602,0.5566440710196107,0.4956417851215154,0.4266760422101355,0.8699078600978699,0.7749141253122254,0.9665751211841643,0.9665934291450805,0.8699147893095219,0.8601282958042296
wood,175.43859649122805,0.0,140.35087719298244,140.35087719298244,175.43859649122805,105.26315789473684,0.9959054999207426,0.9799305254963603,0.9610085815172346,0.9619600379171374,0.9959054999207426,0.9885210410630041,0.9862573099415205,0.9347953216374268,0.9111111111111111,0.9122807017543858,0.9862573099415205,0.9640350877192981,0.8983918128654972,0.6444444444444445,0.852046783625731,0.852046783625731,0.8983918128654972,0.9029239766081871,0.9589857519476288,0.4385026737967914,0.8935996435996437,0.8935996435996437,0.9589857519476288,0.937020870992868,0.9464537795992713,1.0,0.9500277843931094,0.9500277843931094,0.9464537795992713,0.9646886285724762,0.9722222222222222,0.2888888888888889,0.8444444444444444,0.8444444444444444,0.9722222222222222,0.9111111111111111,0.8245614035087719,1.0,0.8596491228070176,0.8596491228070176,0.8245614035087719,0.8947368421052632,0.17543859649122806,0.0,0.14035087719298245,0.14035087719298245,0.17543859649122806,0.10526315789473684,0.4384807272696904,0.15612039692273189,0.23097217505248244,0.23285554731935834,0.43495909247525555,0.43195442691006375,0.9352871443501489,0.7601957184103082,0.906507944443912,0.9067499404872335,0.935084888088891,0.9370886153629975
zipper,104.16666666666667,0.0,125.0,125.0,104.16666666666667,104.16666666666667,0.9379274055419087,0.9205776308891133,0.9665384767201428,0.9672532187641153,0.9404609334180914,0.9536421430200505,0.8651960784313726,0.7798494397759104,0.9184173669467789,0.9179796918767508,0.8662464985994398,0.865983893557423,0.6832107843137255,0.6008403361344539,0.7918417366946778,0.7932422969187675,0.6790091036414566,0.7518382352941178,0.6008029343521571,0.33500372116100224,0.8084442233553041,0.8107387581905147,0.5991553976516383,0.7406990961964784,0.9384376781845137,1.0,0.9565052093444638,0.956647295164299,0.9398672738183486,0.9572835092498014,0.4705882352941176,0.2016806722689076,0.7086834733893558,0.711484593837535,0.4621848739495798,0.607843137254902,0.8958333333333334,1.0,0.875,0.875,0.8958333333333334,0.8958333333333334,0.10416666666666667,0.0,0.125,0.125,0.10416666666666667,0.10416666666666667,0.3625716330638418,0.08565818141690644,0.34593405149698353,0.34566768166533984,0.3658751279363545,0.2552214436412426,0.9601091274064352,0.8071500674571341,0.9623388744687914,0.9623683260055226,0.9601301004534482,0.9034371406412433
