normal_budget_requested,allocation_strategy,category,normal_budget_achieved,fit_images,branch_calibration_images,threshold_calibration_images,priority_achieved
16.0,proportional,bottle,16.0,12.0,2.0,2.0,False
16.0,proportional,cable,16.0,12.0,2.0,2.0,False
16.0,proportional,capsule,16.0,12.0,2.0,2.0,False
16.0,proportional,carpet,16.0,12.0,2.0,2.0,False
16.0,proportional,grid,16.0,12.0,2.0,2.0,False
16.0,proportional,hazelnut,16.0,12.0,2.0,2.0,False
16.0,proportional,leather,16.0,12.0,2.0,2.0,False
16.0,proportional,metal_nut,16.0,12.0,2.0,2.0,False
16.0,proportional,pill,16.0,12.0,2.0,2.0,False
16.0,proportional,screw,16.0,12.0,2.0,2.0,False
16.0,proportional,tile,16.0,12.0,2.0,2.0,False
16.0,proportional,toothbrush,16.0,12.0,2.0,2.0,False
16.0,proportional,transistor,16.0,12.0,2.0,2.0,False
16.0,proportional,wood,16.0,12.0,2.0,2.0,False
16.0,proportional,zipper,16.0,12.0,2.0,2.0,False
16.0,threshold_prioritized,bottle,16.0,12.0,2.0,2.0,False
16.0,threshold_prioritized,cable,16.0,12.0,2.0,2.0,False
16.0,threshold_prioritized,capsule,16.0,12.0,2.0,2.0,False
16.0,threshold_prioritized,carpet,16.0,12.0,2.0,2.0,False
16.0,threshold_prioritized,grid,16.0,12.0,2.0,2.0,False
16.0,threshold_prioritized,hazelnut,16.0,12.0,2.0,2.0,False
16.0,threshold_prioritized,leather,16.0,12.0,2.0,2.0,False
16.0,threshold_prioritized,metal_nut,16.0,12.0,2.0,2.0,False
16.0,threshold_prioritized,pill,16.0,12.0,2.0,2.0,False
16.0,threshold_prioritized,screw,16.0,12.0,2.0,2.0,False
16.0,threshold_prioritized,tile,16.0,12.0,2.0,2.0,False
16.0,threshold_prioritized,toothbrush,16.0,12.0,2.0,2.0,False
16.0,threshold_prioritized,transistor,16.0,12.0,2.0,2.0,False
16.0,threshold_prioritized,wood,16.0,12.0,2.0,2.0,False
16.0,threshold_prioritized,zipper,16.0,12.0,2.0,2.0,False
32.0,proportional,bottle,32.0,22.0,5.0,5.0,False
32.0,proportional,cable,32.0,22.0,5.0,5.0,False
32.0,proportional,capsule,32.0,22.0,5.0,5.0,False
32.0,proportional,carpet,32.0,22.0,5.0,5.0,False
32.0,proportional,grid,32.0,22.0,5.0,5.0,False
32.0,proportional,hazelnut,32.0,22.0,5.0,5.0,False
32.0,proportional,leather,32.0,22.0,5.0,5.0,False
32.0,proportional,metal_nut,32.0,22.0,5.0,5.0,False
32.0,proportional,pill,32.0,22.0,5.0,5.0,False
32.0,proportional,screw,32.0,22.0,5.0,5.0,False
32.0,proportional,tile,32.0,22.0,5.0,5.0,False
32.0,proportional,toothbrush,32.0,22.0,5.0,5.0,False
32.0,proportional,transistor,32.0,22.0,5.0,5.0,False
32.0,proportional,wood,32.0,22.0,5.0,5.0,False
32.0,proportional,zipper,32.0,22.0,5.0,5.0,False
32.0,threshold_prioritized,bottle,32.0,8.0,5.0,19.0,True
32.0,threshold_prioritized,cable,32.0,8.0,5.0,19.0,True
32.0,threshold_prioritized,capsule,32.0,8.0,5.0,19.0,True
32.0,threshold_prioritized,carpet,32.0,8.0,5.0,19.0,True
32.0,threshold_prioritized,grid,32.0,8.0,5.0,19.0,True
32.0,threshold_prioritized,hazelnut,32.0,8.0,5.0,19.0,True
32.0,threshold_prioritized,leather,32.0,8.0,5.0,19.0,True
32.0,threshold_prioritized,metal_nut,32.0,8.0,5.0,19.0,True
32.0,threshold_prioritized,pill,32.0,8.0,5.0,19.0,True
32.0,threshold_prioritized,screw,32.0,8.0,5.0,19.0,True
32.0,threshold_prioritized,tile,32.0,8.0,5.0,19.0,True
32.0,threshold_prioritized,toothbrush,32.0,8.0,5.0,19.0,True
32.0,threshold_prioritized,transistor,32.0,8.0,5.0,19.0,True
32.0,threshold_prioritized,wood,32.0,8.0,5.0,19.0,True
32.0,threshold_prioritized,zipper,32.0,8.0,5.0,19.0,True
64.0,proportional,bottle,64.0,44.0,10.0,10.0,False
64.0,proportional,cable,64.0,44.0,10.0,10.0,False
64.0,proportional,capsule,64.0,44.0,10.0,10.0,False
64.0,proportional,carpet,64.0,44.0,10.0,10.0,False
64.0,proportional,grid,64.0,44.0,10.0,10.0,False
64.0,proportional,hazelnut,64.0,44.0,10.0,10.0,False
64.0,proportional,leather,64.0,44.0,10.0,10.0,False
64.0,proportional,metal_nut,64.0,44.0,10.0,10.0,False
64.0,proportional,pill,64.0,44.0,10.0,10.0,False
64.0,proportional,screw,64.0,44.0,10.0,10.0,False
64.0,proportional,tile,64.0,44.0,10.0,10.0,False
64.0,proportional,toothbrush,60.0,42.0,9.0,9.0,False
64.0,proportional,transistor,64.0,44.0,10.0,10.0,False
64.0,proportional,wood,64.0,44.0,10.0,10.0,False
64.0,proportional,zipper,64.0,44.0,10.0,10.0,False
64.0,threshold_prioritized,bottle,64.0,35.0,10.0,19.0,True
64.0,threshold_prioritized,cable,64.0,35.0,10.0,19.0,True
64.0,threshold_prioritized,capsule,64.0,35.0,10.0,19.0,True
64.0,threshold_prioritized,carpet,64.0,35.0,10.0,19.0,True
64.0,threshold_prioritized,grid,64.0,35.0,10.0,19.0,True
64.0,threshold_prioritized,hazelnut,64.0,35.0,10.0,19.0,True
64.0,threshold_prioritized,leather,64.0,35.0,10.0,19.0,True
64.0,threshold_prioritized,metal_nut,64.0,35.0,10.0,19.0,True
64.0,threshold_prioritized,pill,64.0,35.0,10.0,19.0,True
64.0,threshold_prioritized,screw,64.0,35.0,10.0,19.0,True
64.0,threshold_prioritized,tile,64.0,35.0,10.0,19.0,True
64.0,threshold_prioritized,toothbrush,60.0,32.0,9.0,19.0,True
64.0,threshold_prioritized,transistor,64.0,35.0,10.0,19.0,True
64.0,threshold_prioritized,wood,64.0,35.0,10.0,19.0,True
64.0,threshold_prioritized,zipper,64.0,35.0,10.0,19.0,True
128.0,proportional,bottle,128.0,90.0,19.0,19.0,True
128.0,proportional,cable,128.0,90.0,19.0,19.0,True
128.0,proportional,capsule,128.0,90.0,19.0,19.0,True
128.0,proportional,carpet,128.0,90.0,19.0,19.0,True
128.0,proportional,grid,128.0,90.0,19.0,19.0,True
128.0,proportional,hazelnut,128.0,90.0,19.0,19.0,True
128.0,proportional,leather,128.0,90.0,19.0,19.0,True
128.0,proportional,metal_nut,128.0,90.0,19.0,19.0,True
128.0,proportional,pill,128.0,90.0,19.0,19.0,True
128.0,proportional,screw,128.0,90.0,19.0,19.0,True
128.0,proportional,tile,128.0,90.0,19.0,19.0,True
128.0,proportional,toothbrush,60.0,42.0,9.0,9.0,False
128.0,proportional,transistor,128.0,90.0,19.0,19.0,True
128.0,proportional,wood,128.0,90.0,19.0,19.0,True
128.0,proportional,zipper,128.0,90.0,19.0,19.0,True
128.0,threshold_prioritized,bottle,128.0,90.0,19.0,19.0,True
128.0,threshold_prioritized,cable,128.0,90.0,19.0,19.0,True
128.0,threshold_prioritized,capsule,128.0,90.0,19.0,19.0,True
128.0,threshold_prioritized,carpet,128.0,90.0,19.0,19.0,True
128.0,threshold_prioritized,grid,128.0,90.0,19.0,19.0,True
128.0,threshold_prioritized,hazelnut,128.0,90.0,19.0,19.0,True
128.0,threshold_prioritized,leather,128.0,90.0,19.0,19.0,True
128.0,threshold_prioritized,metal_nut,128.0,90.0,19.0,19.0,True
128.0,threshold_prioritized,pill,128.0,90.0,19.0,19.0,True
128.0,threshold_prioritized,screw,128.0,90.0,19.0,19.0,True
128.0,threshold_prioritized,tile,128.0,90.0,19.0,19.0,True
128.0,threshold_prioritized,toothbrush,60.0,32.0,9.0,19.0,True
128.0,threshold_prioritized,transistor,128.0,90.0,19.0,19.0,True
128.0,threshold_prioritized,wood,128.0,90.0,19.0,19.0,True
128.0,threshold_prioritized,zipper,128.0,90.0,19.0,19.0,True
